Frame,Center of Mass distance,Symmetry,Grounding,Arm fold,Leg fold,Kinetic Energy,Potential energy,Bone length coherence,Torque,Center velocity
1,0.9999996299273806,0.8966474409023935,0.9999908605936669,0.999996426029904,0.9999630258693688,0.9999999703460623,0.0,0.0,0.1615595031605034,0.9731104155371487
2,0.6472534096225603,0.5003523875469356,0.724344807806512,0.6483141742123327,0.7366525006709602,0.9999999703460623,0.0,0.36270035202829853,0.1615595031605034,0.9731104155371487
3,0.30816798422797576,0.1367615843635477,0.4236281317431443,0.2845047766274383,0.4381692784643841,0.8914109922189235,0.5607737412468188,0.6582474680847448,0.9999999982728098,0.481072014817286
4,0.0,0.0,0.06836649964731356,0.0,0.13710499602737589,0.2627196581595606,0.9727804003172865,0.8989358062197925,0.6111863164935128,0.0
5,0.037521349862843584,0.13812341179780468,0.05463215820032627,0.025277625333439836,0.0,0.0,0.9999943282259529,0.9995186651197073,0.7324354094700288,0.11126705557510816
6,0.11909224524589866,0.5617466326133473,0.0,0.39262493642786117,0.04564203603273671,0.7418126112144188,0.6630550566536461,0.983766117517867,0.0,0.9999998162707748
7,0.28059282878293584,0.9999995409828843,0.05615819613884659,0.8196390566567043,0.26904865567277203,0.9104717235101712,0.15538973969292522,0.8884537657781759,0.0,0.9564128939484736
