Frame,Center of Mass distance,Symmetry,Grounding,Arm fold,Leg fold,Kinetic Energy,Potential energy,Bone length coherence,Torque,Center velocity
1,0.9999995939505778,0.8653916814156573,0.9999900063117578,0.9999963927893861,0.9999436486676532,0.9999999693849015,0.0,0.0,0.13623022904500226,0.8458259458039129
2,0.6492901324137094,0.486479215784477,0.763404796842507,0.649822705750842,0.8441823677166175,0.9999999693849015,0.0,0.36101580879068423,0.13623022904500226,0.8458259458039129
3,0.30441604721618354,0.13728306503566498,0.48734504381362576,0.28806883893436247,0.5727691449619551,0.9045443467603616,0.5662315055453757,0.6593488653915689,0.9999999983049499,0.467488600170724
4,0.0,0.0,0.1529430112568989,0.0,0.30697917420330023,0.24673452020060374,0.978922948653875,0.900378085634708,0.5329140987952621,0.0
5,0.03681848762537106,0.1370774823238337,0.12597548964591396,0.023228071470817034,0.07105004777671692,0.0,0.9999937889962844,0.9995141758057791,0.697701366751818,0.13529163178777173
6,0.11960272662082508,0.5470327177091875,0.04816990167629269,0.39924148537078824,0.0,0.7570185809529422,0.6565884159879303,0.9803107918425289,0.0,0.9151484174015884
7,0.23276798267579044,0.9999995660675282,0.0,0.8452685435842164,0.14349804387632178,0.9649809692988576,0.14302422265492618,0.8790223269476494,0.0,0.9999998376804728
